{
  "camera": {
    "pos": [
      0.0,
      0.40572288632392883,
      -1.1699998378753662
    ],
    "look_at": [
      8.742277657347586e-08,
      0.4057229161262512,
      -0.1699998378753662
    ],
    "up": [
      -3.821371353845884e-15,
      1.0,
      -4.371138828673793e-08
    ],
    "fov": 60.000001669652114,
    "aperture": 0.019999999552965164
  },
  "render": {
    "width": 3840,
    "height": 2160,
    "samples": 4096
  },
  "materials": {
    "Glossy": {
      "rgb": [
        0.5051930546760559,
        0.7576714754104614,
        0.8003470301628113
      ],
      "metallic": 2.0,
      "roughness": 0.0,
      "ior": 0.0
    },
    "Floor.001": {
      "rgb": [
        0.27521267533302307,
        0.689456045627594,
        0.8004969358444214
      ],
      "metallic": 0.0,
      "roughness": 1.0,
      "ior": 0.0
    },
    "Wall": {
      "rgb": [
        0.7061523795127869,
        0.33920133113861084,
        0.8003553152084351
      ],
      "metallic": 0.0,
      "roughness": 1.0,
      "ior": 0.0
    },
    "Glass": {
      "rgb": [
        0.800000011920929,
        0.800000011920929,
        0.800000011920929
      ],
      "metallic": 0.0,
      "roughness": 0.009999999776482582,
      "ior": 1.0
    },
    "Less Glossy": {
      "rgb": [
        0.800000011920929,
        0.800000011920929,
        0.800000011920929
      ],
      "metallic": 1.0,
      "roughness": 0.0,
      "ior": 0.0
    }
  },
  "objects": [
    {
      "plane": {
        "name": "Plane",
        "mat": "Floor.001",
        "point": [
          0.0,
          -0.8100000023841858,
          8.539999961853027
        ],
        "u": [
          25.0,
          0.0,
          -0.0
        ],
        "v": [
          0.0,
          0.0,
          -100.0
        ]
      }
    },
    {
      "plane": {
        "name": "Plane.001",
        "mat": "Wall",
        "point": [
          -2.5,
          0.0,
          8.420000076293945
        ],
        "u": [
          -6.751180308128824e-07,
          -15.444900512695312,
          -0.0
        ],
        "v": [
          0.0,
          0.0,
          -124.32249450683594
        ]
      }
    },
    {
      "plane": {
        "name": "Plane.002",
        "mat": "Wall",
        "point": [
          2.5,
          0.0,
          8.420000076293945
        ],
        "u": [
          -6.751180308128824e-07,
          -15.444900512695312,
          -0.0
        ],
        "v": [
          0.0,
          0.0,
          -124.32249450683594
        ]
      }
    },
    {
      "plane": {
        "name": "Plane.003",
        "mat": "Wall",
        "point": [
          0.0,
          0.0,
          6.569999694824219
        ],
        "u": [
          16.564897537231445,
          0.0,
          -0.0
        ],
        "v": [
          0.0,
          -16.89209747314453,
          7.383770252999966e-07
        ]
      }
    },
    {
      "sphere": {
        "name": "Sphere",
        "mat": "Less Glossy",
        "center": [
          1.1354002952575684,
          -0.3700192868709564,
          4.418177127838135
        ],
        "radius": 0.9999994039535522
      }
    },
    {
      "sphere": {
        "name": "Sphere.001",
        "mat": "Glossy",
        "center": [
          -1.1011227369308472,
          -0.5954897999763489,
          4.791992664337158
        ],
        "radius": 0.9999994039535522
      }
    },
    {
      "sphere": {
        "name": "Sphere.002",
        "mat": "Glass",
        "center": [
          0.013796618208289146,
          -0.7068825960159302,
          2.9419751167297363
        ],
        "radius": 0.5199996829032898
      }
    }
  ],
  "lights": [
    {
      "pos": [
        0.0,
        2.950000047683716,
        4.0
      ],
      "u": [
        1.0,
        0.0,
        -0.0
      ],
      "v": [
        0.0,
        1.5099580252808664e-07,
        1.0
      ],
      "intensity": [
        25.0,
        25.0,
        25.0
      ]
    }
  ]
}