{
    "camera": {
        "pos": [
            0.0,
            0.40572288632392883,
            -1.1699998378753662
        ],
        "look_at": [
            1.5099580252808664e-07,
            0.4057231545448303,
            -0.1699998378753662
        ],
        "up": [
            -3.2217338605949886e-14,
            1.0,
            -2.821299744937278e-07
        ],
        "fov": 60.000001669652114,
        "aperture": 0.019999999552965164
    },
    "render": {
        "width": 800,
        "height": 600,
        "samples": 256
    },
    "materials": {
        "Wall.002": {
            "rgb": [
                0.7061523795127869,
                0.33920133113861084,
                0.8003553152084351
            ],
            "metallic": 0.0,
            "roughness": 1.0,
            "ior": 1.0,
            "volume_density": 0.0,
            "volume_anisotropy": 0.0
        },
        "Glass.006": {
            "rgb": [
                0.800000011920929,
                0.800000011920929,
                0.800000011920929
            ],
            "metallic": 0.0,
            "roughness": 0.009999999776482582,
            "ior": 3.0,
            "volume_density": 0.0,
            "volume_anisotropy": 0.0
        },
        "Glossy.006": {
            "rgb": [
                0.5051930546760559,
                0.7576714754104614,
                0.8003470301628113
            ],
            "metallic": 1.0,
            "roughness": 0.009999999776482582,
            "ior": 1.0,
            "volume_density": 0.0,
            "volume_anisotropy": 0.0
        },
        "Less Glossy.006": {
            "rgb": [
                0.800000011920929,
                0.800000011920929,
                0.800000011920929
            ],
            "metallic": 1.0,
            "roughness": 0.009999999776482582,
            "ior": 1.0,
            "volume_density": 0.0,
            "volume_anisotropy": 0.0
        },
        "Floor.003": {
            "rgb": [
                0.27521267533302307,
                0.689456045627594,
                0.8004969358444214
            ],
            "metallic": 0.0,
            "roughness": 1.0,
            "ior": 1.0,
            "volume_density": 0.0,
            "volume_anisotropy": 0.0
        }
    },
    "objects": [
        {
            "plane": {
                "name": "Plane",
                "mat": "Floor.003",
                "point": [
                    0.0,
                    -0.8100000023841858,
                    8.539999961853027
                ],
                "u": [
                    -9.765625,
                    1.7772714272723533e-05,
                    -8.459501259494573e-06
                ],
                "v": [
                    0.00013535149628296494,
                    -0.00028685631696134806,
                    -156.25
                ]
            }
        },
        {
            "plane": {
                "name": "Plane.001",
                "mat": "Wall.002",
                "point": [
                    -2.5,
                    0.0,
                    8.420000076293945
                ],
                "u": [
                    -3.70850370540448e-14,
                    -3.727264881134033,
                    -1.6292386817440274e-07
                ],
                "v": [
                    -8.146032996592112e-06,
                    -1.0927846005870379e-06,
                    25.0
                ]
            }
        },
        {
            "plane": {
                "name": "Plane.002",
                "mat": "Wall.002",
                "point": [
                    2.5,
                    0.0,
                    8.420000076293945
                ],
                "u": [
                    -8.90203887235247e-16,
                    -3.727264881134033,
                    -1.6292393922867632e-07
                ],
                "v": [
                    -2.185569428547751e-06,
                    -1.0927847142738756e-06,
                    25.0
                ]
            }
        },
        {
            "plane": {
                "name": "Plane.003",
                "mat": "Wall.002",
                "point": [
                    0.0,
                    0.0,
                    6.569999694824219
                ],
                "u": [
                    4.180000305175781,
                    7.105427357601002e-14,
                    -3.0725917099516664e-07
                ],
                "v": [
                    2.1316282072803006e-14,
                    3.2434825897216797,
                    1.0728836059570312e-06
                ]
            }
        },
        {
            "sphere": {
                "name": "Sphere",
                "mat": "Less Glossy.006",
                "center": [
                    1.1354002952575684,
                    -0.3700192868709564,
                    4.418177127838135
                ],
                "radius": 0.999997079372406
            }
        },
        {
            "sphere": {
                "name": "Sphere.001",
                "mat": "Glossy.006",
                "center": [
                    -1.1011227369308472,
                    -0.5954897999763489,
                    4.791992664337158
                ],
                "radius": 0.999997079372406
            }
        },
        {
            "sphere": {
                "name": "Sphere.002",
                "mat": "Glass.006",
                "center": [
                    0.013796618208289146,
                    -0.7068825960159302,
                    2.9419751167297363
                ],
                "radius": 0.5199987292289734
            }
        }
    ],
    "lights": [
        {
            "pos": [
                0.0,
                2.950000047683716,
                4.0
            ],
            "u": [
                1.0,
                0.0,
                -0.0
            ],
            "v": [
                0.0,
                1.5099580252808664e-07,
                -1.0
            ],
            "intensity": [
                25.0,
                25.0,
                25.0
            ]
        }
    ]
}