{
    "camera": {
        "pos": [
            0.0,
            0.40572288632392883,
            -1.1699998378753662
        ],
        "look_at": [
            1.5099580252808664e-07,
            0.4057231545448303,
            -0.1699998378753662
        ],
        "up": [
            -2.71930407065666e-14,
            1.0,
            -2.821299744937278e-07
        ],
        "fov": 60.000001669652114,
        "aperture": 0.019999999552965164
    },
    "render": {
        "width": 1920,
        "height": 1080,
        "samples": 1024
    },
    "materials": {
        "porcelain": {
            "rgb": [0.9, 0.9, 0.85],
            "metallic": 0.1,
            "roughness": 0.2,
            "ior": 1.4,
            "volume_density": 0.0,
            "volume_anisotropy": 0.0
        },
        "Glossy.006": {
            "rgb": [
                0.5051930546760559,
                0.7576714754104614,
                0.8003470301628113
            ],
            "metallic": 1.0,
            "roughness": 0.009999999776482582,
            "ior": 1.0,
            "volume_density": 0.0,
            "volume_anisotropy": 0.0
        },
        "Glass.006": {
            "rgb": [
                0.800000011920929,
                0.800000011920929,
                0.800000011920929
            ],
            "metallic": 0.0,
            "roughness": 0.009999999776482582,
            "ior": 3.0,
            "volume_density": 0.0,
            "volume_anisotropy": 0.0
        },
        "Less Glossy.006": {
            "rgb": [
                0.800000011920929,
                0.800000011920929,
                0.800000011920929
            ],
            "metallic": 1.0,
            "roughness": 0.009999999776482582,
            "ior": 1.0,
            "volume_density": 0.0,
            "volume_anisotropy": 0.0
        },
        "Wall.002": {
            "rgb": [
                0.7061523795127869,
                0.33920133113861084,
                0.8003553152084351
            ],
            "metallic": 0.0,
            "roughness": 1.0,
            "ior": 1.0,
            "volume_density": 0.0,
            "volume_anisotropy": 0.0
        },
        "Floor.003": {
            "rgb": [
                0.27521267533302307,
                0.689456045627594,
                0.8004969358444214
            ],
            "metallic": 0.0,
            "roughness": 1.0,
            "ior": 1.0,
            "volume_density": 0.0,
            "volume_anisotropy": 0.0
        }
    },
    "objects": [
        {
            "plane": {
                "name": "Plane",
                "mat": "Floor.003",
                "point": [
                    0.0,
                    -0.8100000023841858,
                    8.539999961853027
                ],
                "u": [
                    -2273.73681640625,
                    0.00847482681274414,
                    -0.004137992858886719
                ],
                "v": [
                    0.07279816269874573,
                    -0.15036755800247192,
                    -40000.0
                ]
            }
        },
        {
            "sphere": {
                "name": "Sphere",
                "mat": "Less Glossy.006",
                "center": [
                    1.1354002952575684,
                    -0.3700192868709564,
                    4.418177127838135
                ],
                "radius": 0.9999961256980896,
                "in_focus": true
            }
        },
        {
            "sphere": {
                "name": "Sphere.001",
                "mat": "Glossy.006",
                "center": [
                    -1.1011227369308472,
                    -0.5954897999763489,
                    4.791992664337158
                ],
                "radius": 0.9999961256980896,
                "in_focus": true
            }
        },
        {
            "sphere": {
                "name": "Sphere.002",
                "mat": "Glass.006",
                "center": [
                    0.013796618208289146,
                    -0.7068825960159302,
                    2.9419751167297363
                ],
                "radius": 0.5199981927871704,
                "in_focus": true
            }
        },
        {
            "plane": {
                "name": "Plane.001",
                "mat": "Wall.002",
                "point": [
                    -2.5,
                    0.0,
                    0.0
                ],
                "u": [
                    1.9073486328125e-06,
                    -25.0,
                    0.0
                ],
                "v": [
                    0.0,
                    0.0,
                    -2500.0
                ]
            }
        },
        {
            "plane": {
                "name": "Plane.002",
                "mat": "Wall.002",
                "point": [
                    2.5,
                    0.0,
                    0.0
                ],
                "u": [
                    1.9073486328125e-06,
                    25.0,
                    0.0
                ],
                "v": [
                    0.0,
                    0.0,
                    -2500.0
                ]
            }
        },
        {
            "mesh": {
                "name": "Teapot",
                "file": "teapot.obj",
                "mat": "porcelain",
                "center": [
                    0.013796618208289146,
                    -0.7068825960159302,
                    2.9419751167297363
                ],
                "radius": 0.5199981927871704,
                "in_focus": true
            }
        }
    ],
    "lights": [
        {
            "pos": [
                0.0,
                2.950000047683716,
                4.0
            ],
            "u": [
                -1.0,
                -0.0,
                -0.0
            ],
            "v": [
                0.0,
                2.384185791015625e-07,
                -1.0
            ],
            "intensity": [
                25.0,
                25.0,
                25.0
            ]
        }
    ]
}